id,name,surename,email,phone
420,Chere,Pelagias,Pelagias.Chere@domain.com,6398601247
421,Nita,Bartlett,Bartlett.Nita@domain.com,4186851137
422,Hildegaard,Gherardo,Gherardo.Hildegaard@domain.com,7522410893
423,Raquela,Shaver,Shaver.Raquela@domain.com,6048163688
424,Alyda,Sikorski,Sikorski.Alyda@domain.com,8397122631
425,Frances,Ralfston,Ralfston.Frances@domain.com,8922999187
426,Neila,Alcott,Alcott.Neila@domain.com,6020740373
427,Robinia,Neva,Neva.Robinia@domain.com,1138024846
428,Shandie,Lory,Lory.Shandie@domain.com,9523858273
429,Doro,Barrus,Barrus.Doro@domain.com,3294652476
430,Sam,McCutcheon,McCutcheon.Sam@domain.com,3857744754
431,Fred,Kinnard,Kinnard.Fred@domain.com,8110716517
432,Konstance,Uund,Uund.Konstance@domain.com,1067521386
433,Tiffie,Charity,Charity.Tiffie@domain.com,1607140358
434,Dorothy,Kunin,Kunin.Dorothy@domain.com,5045171110
435,Kristan,Dunkin,Dunkin.Kristan@domain.com,9402104754
436,Tracey,Euridice,Euridice.Tracey@domain.com,3421816923
437,Andeee,Tannie,Tannie.Andeee@domain.com,3610143033
438,Sindee,Solitta,Solitta.Sindee@domain.com,3779157424
439,Charlena,Burch,Burch.Charlena@domain.com,2830659390
440,Laure,Nerita,Nerita.Laure@domain.com,9733609170
441,Tamqrah,Pattin,Pattin.Tamqrah@domain.com,5102586874
442,Caritta,Harned,Harned.Caritta@domain.com,6146405785
443,Hayley,Annice,Annice.Hayley@domain.com,6643925422
444,Jacenta,Ludewig,Ludewig.Jacenta@domain.com,6754186187
445,Clo,Israeli,Israeli.Clo@domain.com,7502038350
446,Cassandra,Gino,Gino.Cassandra@domain.com,6766969135
447,Marline,Othilia,Othilia.Marline@domain.com,8680408697
448,Harrietta,Jotham,Jotham.Harrietta@domain.com,5245062931
449,Fanchon,Garlinda,Garlinda.Fanchon@domain.com,8141122709
450,Yolane,Chrystel,Chrystel.Yolane@domain.com,7233277134
451,Doro,Ursulette,Ursulette.Doro@domain.com,8654469294
452,Sashenka,Aprile,Aprile.Sashenka@domain.com,7468927469
453,Kimberley,Bevin,Bevin.Kimberley@domain.com,4761882885
454,Cindelyn,Bettine,Bettine.Cindelyn@domain.com,6122926667
455,Millie,Pandolfi,Pandolfi.Millie@domain.com,9706526599
456,Lisette,Evvie,Evvie.Lisette@domain.com,8792074732
457,Shaylyn,Buffum,Buffum.Shaylyn@domain.com,8005711095
458,Susan,Fink,Fink.Susan@domain.com,3512085073
459,Corry,Bollay,Bollay.Corry@domain.com,6386175836
460,Sara-Ann,Tippets,Tippets.Sara-Ann@domain.com,9296714999
461,Lilith,Gordon,Gordon.Lilith@domain.com,9190282054
462,Britni,Bethany,Bethany.Britni@domain.com,3099187698
463,Maye,Bergman,Bergman.Maye@domain.com,3098167197
464,Sidoney,Peonir,Peonir.Sidoney@domain.com,9534575233
465,Gilligan,Franza,Franza.Gilligan@domain.com,4372533901
466,Edee,Lilas,Lilas.Edee@domain.com,4506256299
467,Tilly,Jarib,Jarib.Tilly@domain.com,8560008151
468,Lucille,Bobbee,Bobbee.Lucille@domain.com,5127691991
469,Tersina,Truc,Truc.Tersina@domain.com,9913040633
470,Sean,Liva,Liva.Sean@domain.com,6574089338
471,Tera,Marisa,Marisa.Tera@domain.com,8903255000
472,Trudie,Terencio,Terencio.Trudie@domain.com,4128001066
473,Rani,Buckler,Buckler.Rani@domain.com,2166373395
474,Lorne,Ailyn,Ailyn.Lorne@domain.com,3976742349
475,Emilia,Ferrell,Ferrell.Emilia@domain.com,4969164502
476,Joy,Amethist,Amethist.Joy@domain.com,3520829937
477,Vita,Pauly,Pauly.Vita@domain.com,3175700118
478,Arlina,Avi,Avi.Arlina@domain.com,7036750927
479,Phedra,Thomasina,Thomasina.Phedra@domain.com,6857328161
480,Nariko,Tillford,Tillford.Nariko@domain.com,1242465593
481,Aurore,Tamar,Tamar.Aurore@domain.com,6575585571
482,Raina,Armanda,Armanda.Raina@domain.com,6486026556
483,Tori,Colp,Colp.Tori@domain.com,8403209164
484,Stacey,Syd,Syd.Stacey@domain.com,7785271874
485,Arlina,Lytton,Lytton.Arlina@domain.com,9126131364
486,Marti,Gahl,Gahl.Marti@domain.com,8480691860
487,Hannis,Holbrook,Holbrook.Hannis@domain.com,2007501129
488,Deane,Bergman,Bergman.Deane@domain.com,5510899268
489,Taffy,Pearse,Pearse.Taffy@domain.com,7983295948
490,Sadie,Goth,Goth.Sadie@domain.com,3831410462
491,Catharine,Emerson,Emerson.Catharine@domain.com,2970439108
492,Rhea,Remmer,Remmer.Rhea@domain.com,8586432667
493,Amii,Fax,Fax.Amii@domain.com,9043174104
494,Bettine,Adlare,Adlare.Bettine@domain.com,6641918018
495,Jeanna,Penelopa,Penelopa.Jeanna@domain.com,4736663340
496,Mignon,Wareing,Wareing.Mignon@domain.com,8738926840
497,Betta,Lytton,Lytton.Betta@domain.com,1467675891
498,Vita,Ortrude,Ortrude.Vita@domain.com,3293020541
499,Joane,Aurelio,Aurelio.Joane@domain.com,7216592174
500,Johna,Melan,Melan.Johna@domain.com,2698103380
501,Gisela,Eliathas,Eliathas.Gisela@domain.com,6065784842
502,Alia,Turne,Turne.Alia@domain.com,3747313358
503,Elie,Federica,Federica.Elie@domain.com,8592454797
504,Laurene,Bahr,Bahr.Laurene@domain.com,7207760566
505,Cindelyn,Blase,Blase.Cindelyn@domain.com,7910039503
506,Livvyy,Earlie,Earlie.Livvyy@domain.com,1145532211
507,Mallory,Yerkovich,Yerkovich.Mallory@domain.com,9027292337
508,Jackie,Urias,Urias.Jackie@domain.com,7360541292
509,Marsiella,Dulciana,Dulciana.Marsiella@domain.com,8155575918
510,Joelly,Standing,Standing.Joelly@domain.com,4096410778
511,Rosabelle,Cottle,Cottle.Rosabelle@domain.com,7789590630
512,Maryellen,Malvino,Malvino.Maryellen@domain.com,8924395392
513,Bertine,Nester,Nester.Bertine@domain.com,5423818614
514,Rhea,Koziara,Koziara.Rhea@domain.com,1142443876
515,Albertina,Weide,Weide.Albertina@domain.com,8266378062
516,Eolanda,Pitt,Pitt.Eolanda@domain.com,3125309299
517,Elmira,Stephie,Stephie.Elmira@domain.com,8208317907
518,Lily,Han,Han.Lily@domain.com,8752999332
519,Dorothy,Annice,Annice.Dorothy@domain.com,5473482876
520,Tersina,Isidore,Isidore.Tersina@domain.com,2070738388
521,Aaren,Lattie,Lattie.Aaren@domain.com,9764205338
522,Shaylyn,Holtz,Holtz.Shaylyn@domain.com,1570706069
523,Nananne,Emanuel,Emanuel.Nananne@domain.com,6387538053
524,Kayla,Duwalt,Duwalt.Kayla@domain.com,3961103619
525,Ethel,Moina,Moina.Ethel@domain.com,7572554992
526,Lyssa,Hylan,Hylan.Lyssa@domain.com,2715516705
527,Damaris,Means,Means.Damaris@domain.com,2633212832
528,Jasmina,Natica,Natica.Jasmina@domain.com,1563476082
529,Kristan,Zaslow,Zaslow.Kristan@domain.com,1808793822
530,Celisse,Alejoa,Alejoa.Celisse@domain.com,4593911490
531,Hallie,Daniele,Daniele.Hallie@domain.com,2323268348
532,Jackie,Lory,Lory.Jackie@domain.com,9567389821
533,Cindelyn,Lucienne,Lucienne.Cindelyn@domain.com,7985211919
534,Aigneis,Pierette,Pierette.Aigneis@domain.com,8855684238
535,Melanie,Stephie,Stephie.Melanie@domain.com,5491950231
536,Flo,Guthrie,Guthrie.Flo@domain.com,7468806348
537,Zia,Brittani,Brittani.Zia@domain.com,1527185840
538,Genovera,Catie,Catie.Genovera@domain.com,1223758782
539,Nelle,Niles,Niles.Nelle@domain.com,7267916525
540,Willetta,Karl,Karl.Willetta@domain.com,3302388658
541,Cissiee,Roscoe,Roscoe.Cissiee@domain.com,7077859153
542,Danny,Kesley,Kesley.Danny@domain.com,4513648603
543,Danny,Brandice,Brandice.Danny@domain.com,5609092559
544,Delilah,Vittoria,Vittoria.Delilah@domain.com,1307331530
545,Brietta,Wattenberg,Wattenberg.Brietta@domain.com,4931794108
546,Camile,Stoller,Stoller.Camile@domain.com,3250076951
547,Letizia,An,An.Letizia@domain.com,5472472957
548,Aaren,Mehalek,Mehalek.Aaren@domain.com,7280150018
549,Phedra,Rubie,Rubie.Phedra@domain.com,6581429761
550,Lexine,Bobbee,Bobbee.Lexine@domain.com,5039648138
551,Collen,Borrell,Borrell.Collen@domain.com,2829529531
552,Hildegaard,Roxanna,Roxanna.Hildegaard@domain.com,8148272055
553,Zia,Stav,Stav.Zia@domain.com,3289290475
554,Rivalee,Virgin,Virgin.Rivalee@domain.com,4918501680
555,Merry,Chauncey,Chauncey.Merry@domain.com,6228675766
556,Yvonne,Eugenia,Eugenia.Yvonne@domain.com,9609685240
557,Keelia,Ophelia,Ophelia.Keelia@domain.com,5111591774
558,Gisela,Quinn,Quinn.Gisela@domain.com,5413228241
559,Yolane,Hailee,Hailee.Yolane@domain.com,1534790187
560,Kaja,Papageno,Papageno.Kaja@domain.com,9801239498
561,Karina,Kermit,Kermit.Karina@domain.com,7146697867
562,Ethel,Zenas,Zenas.Ethel@domain.com,7179498474
563,Frieda,Alisia,Alisia.Frieda@domain.com,8571535611
564,Augustine,Engdahl,Engdahl.Augustine@domain.com,4088016543
565,Amalie,Lunsford,Lunsford.Amalie@domain.com,6428209566
566,Pamella,Shaddock,Shaddock.Pamella@domain.com,7284590263
567,Esmeralda,Ilka,Ilka.Esmeralda@domain.com,1276416798
568,Marcelline,Fink,Fink.Marcelline@domain.com,1610643405
569,Estell,Saree,Saree.Estell@domain.com,9593091423
570,Ernesta,McCutcheon,McCutcheon.Ernesta@domain.com,8894016961
571,Tybie,Marcellus,Marcellus.Tybie@domain.com,8616171867
572,Kerrin,Gillan,Gillan.Kerrin@domain.com,3680316036
573,Chloris,Burch,Burch.Chloris@domain.com,8698685302
574,Maurene,Zachary,Zachary.Maurene@domain.com,1431573067
575,Shaylyn,Hachmin,Hachmin.Shaylyn@domain.com,5796756433
576,Iseabal,Morrill,Morrill.Iseabal@domain.com,7719126040
577,Lexine,Schwejda,Schwejda.Lexine@domain.com,3016605385
578,Lacie,Chrystel,Chrystel.Lacie@domain.com,3807493864
579,Netty,Garlinda,Garlinda.Netty@domain.com,3501477344
580,Tamqrah,Clara,Clara.Tamqrah@domain.com,9564161646
581,Paule,Allare,Allare.Paule@domain.com,9119657331
582,Winny,Charmine,Charmine.Winny@domain.com,1535153108
583,Tomasina,Daveta,Daveta.Tomasina@domain.com,3760412065
584,Etta,Jorgan,Jorgan.Etta@domain.com,4550332006
585,Leeanne,Orpah,Orpah.Leeanne@domain.com,1757936711
586,Vivia,Izaak,Izaak.Vivia@domain.com,7879572460
587,Patricia,Horan,Horan.Patricia@domain.com,5159986905
588,Elie,Stelle,Stelle.Elie@domain.com,9339728531
589,Millie,Marsden,Marsden.Millie@domain.com,3534192262
590,Katuscha,Carlson,Carlson.Katuscha@domain.com,7852781163
591,Merrie,Libna,Libna.Merrie@domain.com,3674141425
592,Elfreda,Callista,Callista.Elfreda@domain.com,4156100822
593,Wynne,Joeann,Joeann.Wynne@domain.com,3115327061
594,Donnie,Albertine,Albertine.Donnie@domain.com,2929933586
595,Nessie,Karylin,Karylin.Nessie@domain.com,4267176145
596,Alejandra,Lia,Lia.Alejandra@domain.com,7202198751
597,Robbi,Ammann,Ammann.Robbi@domain.com,9113080632
598,Janey,Publia,Publia.Janey@domain.com,2489153404
599,Rosene,Creamer,Creamer.Rosene@domain.com,9273283393
600,Gilligan,Pandolfi,Pandolfi.Gilligan@domain.com,4780732100
601,Corly,McClimans,McClimans.Corly@domain.com,8170835839
602,Helsa,Masao,Masao.Helsa@domain.com,2813716985
603,Lulita,Toni,Toni.Lulita@domain.com,5078120959
604,Selma,Gale,Gale.Selma@domain.com,7129746839
605,Barbi,Jillane,Jillane.Barbi@domain.com,9971951197
606,Robinia,Fontana,Fontana.Robinia@domain.com,5256562707
607,Damaris,Schroth,Schroth.Damaris@domain.com,8485077860
608,Leeanne,Sheedy,Sheedy.Leeanne@domain.com,8165634621
609,Vinita,Sherfield,Sherfield.Vinita@domain.com,8517797327
610,Halette,Jarib,Jarib.Halette@domain.com,8195041603
611,Regina,Rad,Rad.Regina@domain.com,6169306112
612,Jere,Keily,Keily.Jere@domain.com,4562929082
613,Almeta,Miru,Miru.Almeta@domain.com,9291521597
614,Jaclyn,Richers,Richers.Jaclyn@domain.com,5821342828
615,Philis,Llovera,Llovera.Philis@domain.com,7203317445
616,Helena,Schenck,Schenck.Helena@domain.com,3906240990
617,Codie,Eliathas,Eliathas.Codie@domain.com,7012277566
618,Corina,Gwenore,Gwenore.Corina@domain.com,6941703373
619,Basia,Lesley,Lesley.Basia@domain.com,2605119412
620,Wendi,Byrne,Byrne.Wendi@domain.com,5660556351
621,Ericka,Philipp,Philipp.Ericka@domain.com,1065311703
622,Corene,Chem,Chem.Corene@domain.com,3521231769
623,Daryl,Arley,Arley.Daryl@domain.com,7356062857
624,Eugine,Tomasina,Tomasina.Eugine@domain.com,4404259488
625,Korrie,Bohlin,Bohlin.Korrie@domain.com,1811828066
626,Claudina,Herrera,Herrera.Claudina@domain.com,6461829185
627,Karlee,Arquit,Arquit.Karlee@domain.com,9143461691
628,Jolyn,Tannie,Tannie.Jolyn@domain.com,3558822225
629,Blondelle,Arley,Arley.Blondelle@domain.com,3000708074
630,Marti,Sherfield,Sherfield.Marti@domain.com,8131808914
631,Raina,Meli,Meli.Raina@domain.com,4887746105
632,Doralynne,Pauly,Pauly.Doralynne@domain.com,7035131596
633,Lauryn,Orlene,Orlene.Lauryn@domain.com,8515425961
634,Merci,Gwenore,Gwenore.Merci@domain.com,2187460027
635,Nananne,Obed,Obed.Nananne@domain.com,5947633330
636,Shirlee,Armanda,Armanda.Shirlee@domain.com,9420540940
637,Susan,Tound,Tound.Susan@domain.com,2386450087
638,Margette,Screens,Screens.Margette@domain.com,6506491313
639,Angelique,Mich,Mich.Angelique@domain.com,9231415422
640,Ricky,Imelida,Imelida.Ricky@domain.com,8340319277
641,Ashlee,Michella,Michella.Ashlee@domain.com,9763670871
642,Frieda,Wenda,Wenda.Frieda@domain.com,1190878412
643,Jemie,Dorothy,Dorothy.Jemie@domain.com,8258359030
644,Edee,Pitt,Pitt.Edee@domain.com,9864263120
645,Magdalena,Malanie,Malanie.Magdalena@domain.com,8798795094
646,Cristabel,Jary,Jary.Cristabel@domain.com,5249346706
647,Mariele,Mike,Mike.Mariele@domain.com,8464280691
648,Sonni,Herrera,Herrera.Sonni@domain.com,9369631936
649,Sophia,Karylin,Karylin.Sophia@domain.com,5923782674
650,Marjie,Borrell,Borrell.Marjie@domain.com,5268186096
651,Darci,Nisbet,Nisbet.Darci@domain.com,8199934274
652,Ofilia,Belldas,Belldas.Ofilia@domain.com,1573743566
653,Lanae,Milde,Milde.Lanae@domain.com,5732134129
654,Justinn,Cynar,Cynar.Justinn@domain.com,2001783667
655,Carolina,Drus,Drus.Carolina@domain.com,7484746509
656,Andree,Palocz,Palocz.Andree@domain.com,7495529186
657,Jackie,Bouchard,Bouchard.Jackie@domain.com,3503122397
658,Modestia,Izaak,Izaak.Modestia@domain.com,3128705082
659,Steffane,Byrne,Byrne.Steffane@domain.com,3152603600
660,Edith,Ivens,Ivens.Edith@domain.com,7526440581
661,Starla,Juliet,Juliet.Starla@domain.com,6311108646
662,Reeba,Nedrud,Nedrud.Reeba@domain.com,8184419900
663,Janis,Adrienne,Adrienne.Janis@domain.com,8754945027
664,Britte,Mauer,Mauer.Britte@domain.com,4411493983
665,Kirbee,Sherrie,Sherrie.Kirbee@domain.com,1800315710
666,Aubrie,Doig,Doig.Aubrie@domain.com,9152167462
667,Clarice,Lowry,Lowry.Clarice@domain.com,7067870316
668,Merle,Tamsky,Tamsky.Merle@domain.com,2470205124
669,Cristabel,Aprile,Aprile.Cristabel@domain.com,4809212473
670,Caressa,Bow,Bow.Caressa@domain.com,7557824566
671,Karena,Ellerey,Ellerey.Karena@domain.com,1538644228
672,Julieta,Lymann,Lymann.Julieta@domain.com,8974372561
673,Raf,Pip,Pip.Raf@domain.com,6030899270
674,Lory,Bobbee,Bobbee.Lory@domain.com,2531061299
675,Randa,Jena,Jena.Randa@domain.com,8522625784
676,Melanie,Gino,Gino.Melanie@domain.com,6235831298
677,Arabel,Shuler,Shuler.Arabel@domain.com,9284962913
678,Hyacinthe,Masao,Masao.Hyacinthe@domain.com,6768486698
679,Chloris,Horan,Horan.Chloris@domain.com,4641374707
680,Carol-Jean,Deegan,Deegan.Carol-Jean@domain.com,6661844639
681,Patricia,Martsen,Martsen.Patricia@domain.com,3787865632
682,Arabel,Bollay,Bollay.Arabel@domain.com,4825308970
683,Nessie,Old,Old.Nessie@domain.com,8805975684
684,Roberta,Hanshaw,Hanshaw.Roberta@domain.com,8827191701
685,Latisha,Hoban,Hoban.Latisha@domain.com,2106457249
686,Delilah,Raimondo,Raimondo.Delilah@domain.com,8996959396
687,Concettina,Jeanne,Jeanne.Concettina@domain.com,2931671652
688,Camile,Cohdwell,Cohdwell.Camile@domain.com,9395779815
689,Ariela,Bearnard,Bearnard.Ariela@domain.com,1452845975
690,Jacenta,Kravits,Kravits.Jacenta@domain.com,3699014382
691,Consuela,Kendrick,Kendrick.Consuela@domain.com,1674124600
692,Averyl,Erb,Erb.Averyl@domain.com,5599322062
693,Valli,Diann,Diann.Valli@domain.com,9644016400
694,Amalie,Chobot,Chobot.Amalie@domain.com,3634945729
695,Konstance,Lytton,Lytton.Konstance@domain.com,7604547818
696,Louella,Ferrell,Ferrell.Louella@domain.com,9954238360
697,Therine,Bari,Bari.Therine@domain.com,8609779378
698,Yetty,Isidore,Isidore.Yetty@domain.com,7355910786
699,Ruthe,Connelly,Connelly.Ruthe@domain.com,6796280837
700,Marinna,Riordan,Riordan.Marinna@domain.com,9539940632
701,Raina,Giule,Giule.Raina@domain.com,4225143676
702,Jaime,Raseda,Raseda.Jaime@domain.com,5992990261
703,Rosabelle,Roxanna,Roxanna.Rosabelle@domain.com,9049153679
704,Winifred,Saree,Saree.Winifred@domain.com,2988787259
705,Dania,Salchunas,Salchunas.Dania@domain.com,1062076978
706,Dorthy,Glovsky,Glovsky.Dorthy@domain.com,7410346119
707,Starla,Whittaker,Whittaker.Starla@domain.com,8897849194
708,Giustina,Millda,Millda.Giustina@domain.com,5841573197
709,Inga,Thilda,Thilda.Inga@domain.com,5820894233
710,Molli,Gaal,Gaal.Molli@domain.com,9342060570
711,Sean,Socha,Socha.Sean@domain.com,6160102991
712,Emelina,Mich,Mich.Emelina@domain.com,2362101740
713,Chrystel,Travax,Travax.Chrystel@domain.com,5964631902
714,Averyl,Fancie,Fancie.Averyl@domain.com,8023479767
715,Jeanna,Faso,Faso.Jeanna@domain.com,1712098734
716,Mariann,Esmaria,Esmaria.Mariann@domain.com,8570021263
717,Pollyanna,Kamaria,Kamaria.Pollyanna@domain.com,6268468061
718,Constance,Rheingold,Rheingold.Constance@domain.com,6310300744
719,Harrietta,Croix,Croix.Harrietta@domain.com,4775791980
720,Deirdre,Gregrory,Gregrory.Deirdre@domain.com,3354733180
721,Maridel,Eldrid,Eldrid.Maridel@domain.com,9320860394
722,Sean,Gualtiero,Gualtiero.Sean@domain.com,7197301929
723,Angelique,Daniele,Daniele.Angelique@domain.com,1979732776
724,Emilia,Izaak,Izaak.Emilia@domain.com,6960392572
725,Ricky,Kalinda,Kalinda.Ricky@domain.com,4412890828
726,Dagmar,Delacourt,Delacourt.Dagmar@domain.com,6459604919
727,Romona,Pond,Pond.Romona@domain.com,1214121204
728,Bobinette,Zrike,Zrike.Bobinette@domain.com,7282375552
729,Deane,Quent,Quent.Deane@domain.com,1196857541
730,June,Maiah,Maiah.June@domain.com,4912428266
731,Judy,Holbrook,Holbrook.Judy@domain.com,9653426514
732,Ileana,Gaspard,Gaspard.Ileana@domain.com,6270434224
733,Lolita,Belldas,Belldas.Lolita@domain.com,7096484224
734,Oralee,Roarke,Roarke.Oralee@domain.com,2575310852
735,Gilda,Knowling,Knowling.Gilda@domain.com,3012433376
736,Michaelina,Othilia,Othilia.Michaelina@domain.com,5747557720
737,Jan,Tannie,Tannie.Jan@domain.com,1554935717
738,Felice,Glenden,Glenden.Felice@domain.com,3575575416
739,Evita,Bord,Bord.Evita@domain.com,7649188610
740,Carol-Jean,Xerxes,Xerxes.Carol-Jean@domain.com,5252904886
741,Janenna,Bach,Bach.Janenna@domain.com,8738432337
742,Blondelle,Pozzy,Pozzy.Blondelle@domain.com,3655047710
743,Tersina,Fairweather,Fairweather.Tersina@domain.com,6812454251
744,Halette,Quent,Quent.Halette@domain.com,8293916993
745,Mellicent,Hanshaw,Hanshaw.Mellicent@domain.com,1437469205
746,Desirae,Liva,Liva.Desirae@domain.com,3863383135
747,Ronna,Sammons,Sammons.Ronna@domain.com,3258730430
748,Dorice,Raseda,Raseda.Dorice@domain.com,9359362306
749,Wynne,Aldric,Aldric.Wynne@domain.com,8020447395
750,Veda,Prouty,Prouty.Veda@domain.com,9184561111
751,Sharai,Belldas,Belldas.Sharai@domain.com,7638106060
752,Angelique,Vale,Vale.Angelique@domain.com,6092391011
753,Sarette,Vacuva,Vacuva.Sarette@domain.com,3632862243
754,Karly,Ciro,Ciro.Karly@domain.com,3604760698
755,Cherrita,Read,Read.Cherrita@domain.com,4596075796
756,Rhoda,Hirsch,Hirsch.Rhoda@domain.com,6186018059
757,Shaylyn,Emerson,Emerson.Shaylyn@domain.com,5800939697
758,Tomasina,Hachmin,Hachmin.Tomasina@domain.com,5637355998
759,Nelle,Vastah,Vastah.Nelle@domain.com,2881823338
760,Goldie,Constancy,Constancy.Goldie@domain.com,8976469821
761,Jerry,Briney,Briney.Jerry@domain.com,2360662552
762,Katleen,Lutero,Lutero.Katleen@domain.com,7179043208
763,Shaine,Harl,Harl.Shaine@domain.com,2331689538
764,Lilith,Zachary,Zachary.Lilith@domain.com,2795218947
765,Kayla,McAdams,McAdams.Kayla@domain.com,4638425594
766,Petronia,Dalli,Dalli.Petronia@domain.com,8712267325
767,Clementine,Publia,Publia.Clementine@domain.com,7086840299
768,Vita,Anyah,Anyah.Vita@domain.com,5615984583
769,Nariko,Kravits,Kravits.Nariko@domain.com,8667298191
770,Lory,Judye,Judye.Lory@domain.com,3341649580
771,Hollie,Kress,Kress.Hollie@domain.com,4147967831
772,Heddie,Maisey,Maisey.Heddie@domain.com,5886717127
773,Maud,Remmer,Remmer.Maud@domain.com,5019043475
774,Chastity,Wattenberg,Wattenberg.Chastity@domain.com,2139167315
775,Ebonee,Roarke,Roarke.Ebonee@domain.com,4676649734
776,Anallese,Blisse,Blisse.Anallese@domain.com,1210814197
777,Kittie,Vary,Vary.Kittie@domain.com,5417221788
778,Kara-Lynn,Henebry,Henebry.Kara-Lynn@domain.com,9273322003
779,Vere,Brittani,Brittani.Vere@domain.com,3248929168
780,Claresta,Alrich,Alrich.Claresta@domain.com,5201190403
781,Jenilee,Rodmann,Rodmann.Jenilee@domain.com,4250040081
782,Fanny,Goerke,Goerke.Fanny@domain.com,1015609456
783,Ellette,Tarrant,Tarrant.Ellette@domain.com,4775823811
784,Andree,Whiffen,Whiffen.Andree@domain.com,8581472109
785,Elvira,Tacye,Tacye.Elvira@domain.com,9726674621
786,Shirlee,Bari,Bari.Shirlee@domain.com,2385561416
787,Lily,Stacy,Stacy.Lily@domain.com,2579745381
788,Rosaline,Johnsson,Johnsson.Rosaline@domain.com,3484334860
789,Korrie,Shields,Shields.Korrie@domain.com,6733825711
790,Phylis,Pascia,Pascia.Phylis@domain.com,3547901408
791,Glynnis,Campball,Campball.Glynnis@domain.com,2458515947
792,Margalo,Madaih,Madaih.Margalo@domain.com,3799468160
793,Sissy,Denis,Denis.Sissy@domain.com,5093809127
794,Teriann,Kermit,Kermit.Teriann@domain.com,2020452259
795,Lynde,Mintz,Mintz.Lynde@domain.com,9723586546
796,Cherrita,Ader,Ader.Cherrita@domain.com,3715059096
797,Selma,Heisel,Heisel.Selma@domain.com,2979918244
798,Harmonia,Torray,Torray.Harmonia@domain.com,3746135484
799,Alyda,Zina,Zina.Alyda@domain.com,3463759925
800,Teriann,Gregrory,Gregrory.Teriann@domain.com,6619238692
801,Audrie,Timon,Timon.Audrie@domain.com,5736539151
802,Karina,Zola,Zola.Karina@domain.com,1881109286
803,Dulcinea,Paton,Paton.Dulcinea@domain.com,4835315990
804,Myriam,Mathilde,Mathilde.Myriam@domain.com,2851434564
805,Tonia,Juliet,Juliet.Tonia@domain.com,6699161134
806,Lory,Chabot,Chabot.Lory@domain.com,4267239391
807,Albertina,Sancho,Sancho.Albertina@domain.com,1036128100
808,Lynde,Ailyn,Ailyn.Lynde@domain.com,5550230406
809,Catharine,Federica,Federica.Catharine@domain.com,6886022676
810,Joy,Bonucci,Bonucci.Joy@domain.com,3622952402
811,Neila,Penelopa,Penelopa.Neila@domain.com,7438928875
812,Sharai,Zina,Zina.Sharai@domain.com,7460597866
813,Brynna,Jenness,Jenness.Brynna@domain.com,4174061811
814,Glynnis,Monaco,Monaco.Glynnis@domain.com,1834072423
815,Hildegaard,Hortensia,Hortensia.Hildegaard@domain.com,3535741456
816,Katuscha,Raffo,Raffo.Katuscha@domain.com,1415626803
817,Sandie,Elo,Elo.Sandie@domain.com,7952481427
818,Beverley,Jefferey,Jefferey.Beverley@domain.com,3183512698
819,Julieta,Magdalen,Magdalen.Julieta@domain.com,7454922323
820,Talya,Ball,Ball.Talya@domain.com,1220317715
821,Alex,Georas,Georas.Alex@domain.com,2455700772
822,Tybie,Linskey,Linskey.Tybie@domain.com,8181784862
823,Claresta,Pernick,Pernick.Claresta@domain.com,7645979855
824,Gratia,Yorick,Yorick.Gratia@domain.com,2274408368
825,Claresta,Saunderson,Saunderson.Claresta@domain.com,1061198995
826,Tamqrah,Whittaker,Whittaker.Tamqrah@domain.com,6148609106
827,Cyndie,Georgy,Georgy.Cyndie@domain.com,5751246682
828,Ginnie,Tacye,Tacye.Ginnie@domain.com,7521812935
829,Marjie,Corrine,Corrine.Marjie@domain.com,8075593715
830,Bettine,Chapland,Chapland.Bettine@domain.com,4389658089
831,Karolina,Anton,Anton.Karolina@domain.com,9192429167
832,Steffane,Brian,Brian.Steffane@domain.com,8806671424
833,Gertrud,Amadas,Amadas.Gertrud@domain.com,8254878252
834,Rani,Iphlgenia,Iphlgenia.Rani@domain.com,1559844286
835,Gwenneth,An,An.Gwenneth@domain.com,8845673520
836,Kalina,Genna,Genna.Kalina@domain.com,6116848318
837,June,Burkle,Burkle.June@domain.com,1966477948
838,Hermione,Thomasina,Thomasina.Hermione@domain.com,2342427042
839,Dennie,Fax,Fax.Dennie@domain.com,9293305389
840,Vinita,Redmond,Redmond.Vinita@domain.com,7700191924
841,Amelia,Francyne,Francyne.Amelia@domain.com,7242457315
842,Asia,Fink,Fink.Asia@domain.com,7835119931
843,Daphne,Lamoree,Lamoree.Daphne@domain.com,7302357577
844,Lucille,Amasa,Amasa.Lucille@domain.com,5362049519
845,Zsa Zsa,Loleta,Loleta.Zsa Zsa@domain.com,6009628177
846,Cissiee,Barbey,Barbey.Cissiee@domain.com,9094041321
847,Nananne,Hollingsworth,Hollingsworth.Nananne@domain.com,3193040534
848,Latisha,Henebry,Henebry.Latisha@domain.com,4477206778
849,Cindelyn,Kiyoshi,Kiyoshi.Cindelyn@domain.com,2853789998
850,Constance,Raseda,Raseda.Constance@domain.com,3089361163
851,Kristina,Gaal,Gaal.Kristina@domain.com,8579317649
852,Marline,Pauly,Pauly.Marline@domain.com,9280322547
853,Jemie,Milson,Milson.Jemie@domain.com,5929020751
854,Joeann,Keelia,Keelia.Joeann@domain.com,9613490507
855,Barbara,Lorain,Lorain.Barbara@domain.com,1295146534
856,Marsiella,Cookie,Cookie.Marsiella@domain.com,4776526652
857,Beth,Dalli,Dalli.Beth@domain.com,5693060776
858,Norine,Ellord,Ellord.Norine@domain.com,1521434887
859,Asia,Alexandr,Alexandr.Asia@domain.com,9639286763
860,Marjie,Bronk,Bronk.Marjie@domain.com,6523047161
861,Cindelyn,Gilbertson,Gilbertson.Cindelyn@domain.com,9440960688
862,Christal,Posner,Posner.Christal@domain.com,6169535290
863,Mary,Brunell,Brunell.Mary@domain.com,8353602571
864,Ilse,Uund,Uund.Ilse@domain.com,8142045982
865,Mary,Orpah,Orpah.Mary@domain.com,3261580011
866,Arlina,Sundin,Sundin.Arlina@domain.com,4173206348
867,Correy,Seumas,Seumas.Correy@domain.com,3599124534
868,Sandie,Imelida,Imelida.Sandie@domain.com,5364037559
869,Aimil,Jobi,Jobi.Aimil@domain.com,1965822053
870,Mamie,Martguerita,Martguerita.Mamie@domain.com,7641756263
871,Edee,Rubie,Rubie.Edee@domain.com,3257691244
872,Katharina,Giff,Giff.Katharina@domain.com,7532559117
873,Rhoda,Ader,Ader.Rhoda@domain.com,3143283411
874,Sindee,Love,Love.Sindee@domain.com,7671092415
875,Linzy,Pond,Pond.Linzy@domain.com,5976960798
876,Sheelagh,Timon,Timon.Sheelagh@domain.com,2471943872
877,Dorthy,Ingra,Ingra.Dorthy@domain.com,2441230370
878,Valli,Brunell,Brunell.Valli@domain.com,3222144636
879,Aeriela,Gordon,Gordon.Aeriela@domain.com,9093830417
880,Krystle,Chapland,Chapland.Krystle@domain.com,6977491693
881,Rani,Mathilde,Mathilde.Rani@domain.com,5873573626
882,Kalina,Duwalt,Duwalt.Kalina@domain.com,7897943143
883,Belva,Halsey,Halsey.Belva@domain.com,5269794613
884,Paule,Danby,Danby.Paule@domain.com,9436577392
885,Benita,Voletta,Voletta.Benita@domain.com,7410880127
886,Bobinette,Kosey,Kosey.Bobinette@domain.com,4109903335
887,Paulita,LaRue,LaRue.Paulita@domain.com,6484894133
888,Alie,Brackely,Brackely.Alie@domain.com,9156360444
889,Darlleen,Olin,Olin.Darlleen@domain.com,2296860401
890,Janeczka,Sidonius,Sidonius.Janeczka@domain.com,9122289239
891,Bobbi,Arvo,Arvo.Bobbi@domain.com,2320746589
892,Elora,Ferrell,Ferrell.Elora@domain.com,8136842975
893,Caritta,LaRue,LaRue.Caritta@domain.com,1212626915
894,Barbara,Urias,Urias.Barbara@domain.com,9363210437
895,Lila,Devlen,Devlen.Lila@domain.com,4220425357
896,Jean,Norrie,Norrie.Jean@domain.com,5531361775
897,Diena,Oscar,Oscar.Diena@domain.com,9670140881
898,Shaine,Magnolia,Magnolia.Shaine@domain.com,3525448922
899,Mignon,Israeli,Israeli.Mignon@domain.com,6288349853
900,Reeba,Anton,Anton.Reeba@domain.com,4701870836
901,Zia,Faust,Faust.Zia@domain.com,3919461010
902,Kellen,Bebe,Bebe.Kellen@domain.com,4744396992
903,Roberta,Herrera,Herrera.Roberta@domain.com,6932485316
904,Loree,Lemuela,Lemuela.Loree@domain.com,3489680405
905,Fina,Bultman,Bultman.Fina@domain.com,4340153949
906,Joceline,Malanie,Malanie.Joceline@domain.com,3772105570
907,Alejandra,Gombach,Gombach.Alejandra@domain.com,8246043003
908,Shirlee,Gabrielli,Gabrielli.Shirlee@domain.com,6785945487
909,Brianna,Hurley,Hurley.Brianna@domain.com,2622150002
910,Libbie,Martsen,Martsen.Libbie@domain.com,3175498812
911,Jacenta,Quent,Quent.Jacenta@domain.com,7521866382
912,Gilligan,Stoller,Stoller.Gilligan@domain.com,7936248823
913,Marylou,Cohdwell,Cohdwell.Marylou@domain.com,6395799903
914,Judy,Bahr,Bahr.Judy@domain.com,5898537748
915,Lorne,Craggie,Craggie.Lorne@domain.com,3878704185
916,Hyacinthe,Brian,Brian.Hyacinthe@domain.com,8674079710
917,Rochette,Liebermann,Liebermann.Rochette@domain.com,2338958189
918,Winifred,Atonsah,Atonsah.Winifred@domain.com,9185827275
919,Chastity,Kaja,Kaja.Chastity@domain.com,1334970640
920,Aimil,Hermes,Hermes.Aimil@domain.com,4693649675
921,Bernie,Marden,Marden.Bernie@domain.com,6543429846
922,Helsa,Chem,Chem.Helsa@domain.com,9338902708
923,Berget,Suanne,Suanne.Berget@domain.com,1708231855
924,Ayn,Ajay,Ajay.Ayn@domain.com,1985621691
925,Yetty,Sholley,Sholley.Yetty@domain.com,5706256109
926,Meg,Forrer,Forrer.Meg@domain.com,2142162659
927,Georgina,Girardo,Girardo.Georgina@domain.com,7439059619
928,Valeda,Bates,Bates.Valeda@domain.com,7358779785
929,Angela,Bury,Bury.Angela@domain.com,2281708640
930,Selia,Chesna,Chesna.Selia@domain.com,5479102954
931,Goldie,Justinn,Justinn.Goldie@domain.com,1813303719
932,Kore,Nahum,Nahum.Kore@domain.com,7978912577
933,Sara-Ann,Annabella,Annabella.Sara-Ann@domain.com,6584971019
934,Lexine,Egbert,Egbert.Lexine@domain.com,6261050294
935,Teddie,Idelia,Idelia.Teddie@domain.com,7199732138
936,Sean,Camden,Camden.Sean@domain.com,9300853338
937,Dyann,Brady,Brady.Dyann@domain.com,3034650175
938,Jemie,Lutero,Lutero.Jemie@domain.com,3080599012
939,Donnie,Slifka,Slifka.Donnie@domain.com,6274510403
940,Danika,Hermes,Hermes.Danika@domain.com,3916500005
941,Trixi,Frendel,Frendel.Trixi@domain.com,6982214501
942,Sue,Simmonds,Simmonds.Sue@domain.com,4021205264
943,Henriette,Melony,Melony.Henriette@domain.com,3237176816
944,Ethel,Paine,Paine.Ethel@domain.com,5307124043
945,Ingrid,Dorine,Dorine.Ingrid@domain.com,2436742545
946,Ginnie,Klotz,Klotz.Ginnie@domain.com,1299906285
947,Sallie,Nickola,Nickola.Sallie@domain.com,2632405664
948,Ofilia,Colleen,Colleen.Ofilia@domain.com,9202711345
949,Siana,Zaslow,Zaslow.Siana@domain.com,4614457409
950,Orsola,Sadowski,Sadowski.Orsola@domain.com,2006697506
951,Phylis,Neils,Neils.Phylis@domain.com,7624143096
952,Raquela,Korey,Korey.Raquela@domain.com,1936691019
953,Willetta,Schenck,Schenck.Willetta@domain.com,2952773657
954,Kate,Mitzi,Mitzi.Kate@domain.com,1633568069
955,Maud,Alcott,Alcott.Maud@domain.com,1661620127
956,Basia,Henrie,Henrie.Basia@domain.com,8730274083
957,Ronna,Maribeth,Maribeth.Ronna@domain.com,5577811753
958,Tami,Azeria,Azeria.Tami@domain.com,7152361277
959,Annice,Velick,Velick.Annice@domain.com,3497828228
960,Kial,Japeth,Japeth.Kial@domain.com,1167165979
961,Dotty,Faria,Faria.Dotty@domain.com,1005775354
962,Cassandra,Gladstone,Gladstone.Cassandra@domain.com,4723851454
963,Alleen,Bahr,Bahr.Alleen@domain.com,9043513528
964,Magdalena,Candy,Candy.Magdalena@domain.com,8970553566
965,Bertine,Rosette,Rosette.Bertine@domain.com,4061781831
966,Lauryn,Morgun,Morgun.Lauryn@domain.com,1634249290
967,Roseline,Susannah,Susannah.Roseline@domain.com,9828419905
968,Brynna,Callista,Callista.Brynna@domain.com,4412368942
969,Leona,Lemuela,Lemuela.Leona@domain.com,2571375609
970,Dulcinea,Ingra,Ingra.Dulcinea@domain.com,3085254454
971,Mamie,Nance,Nance.Mamie@domain.com,1330152057
972,Natka,Arley,Arley.Natka@domain.com,7402158281
973,Kassey,Koehler,Koehler.Kassey@domain.com,3193213560
974,Hope,Amasa,Amasa.Hope@domain.com,3611393913
975,Yvonne,Adamsen,Adamsen.Yvonne@domain.com,8376323895
976,Allis,Thilda,Thilda.Allis@domain.com,6969127713
977,Yetty,Kelula,Kelula.Yetty@domain.com,7314244898
978,Kial,Sundin,Sundin.Kial@domain.com,7428939418
979,Chickie,Jefferey,Jefferey.Chickie@domain.com,3709356224
980,Beth,Cleo,Cleo.Beth@domain.com,3939035226
981,Bernardine,Wesle,Wesle.Bernardine@domain.com,5848287400
982,Agnese,Buckler,Buckler.Agnese@domain.com,1953125365
983,Chloris,Evangelia,Evangelia.Chloris@domain.com,4063728746
984,Tori,Kiyoshi,Kiyoshi.Tori@domain.com,1540052570
985,Jessy,Konyn,Konyn.Jessy@domain.com,8732343106
986,Britni,Catie,Catie.Britni@domain.com,8816291619
987,Sandie,Saunderson,Saunderson.Sandie@domain.com,5590402847
988,Alia,Tillford,Tillford.Alia@domain.com,1784604040
989,Nanete,Shanley,Shanley.Nanete@domain.com,3032693136
990,Zondra,Munn,Munn.Zondra@domain.com,6211770036
991,Imojean,Vins,Vins.Imojean@domain.com,3931047009
992,Margarette,Alexandr,Alexandr.Margarette@domain.com,1665299141
993,Jan,Gemini,Gemini.Jan@domain.com,1819326043
994,Lusa,Gaulin,Gaulin.Lusa@domain.com,3447516529
995,Gui,Meli,Meli.Gui@domain.com,2052244365
996,Cecile,Ariella,Ariella.Cecile@domain.com,5380819113
997,Lisette,Abbot,Abbot.Lisette@domain.com,2531271747
998,Dyann,Skell,Skell.Dyann@domain.com,3118527409
999,Monika,Orlene,Orlene.Monika@domain.com,2659898065
1000,Donnie,Dearborn,Dearborn.Donnie@domain.com,8841047189
1001,Tomasina,Angelis,Angelis.Tomasina@domain.com,8307055335
1002,Shel,Palocz,Palocz.Shel@domain.com,4725408342
1003,Layla,Cookie,Cookie.Layla@domain.com,3233273324
1004,Desirae,Garek,Garek.Desirae@domain.com,5963662338
1005,Tilly,Larochelle,Larochelle.Tilly@domain.com,2585692294
1006,Kenna,Persse,Persse.Kenna@domain.com,8591343394
1007,Myriam,Waite,Waite.Myriam@domain.com,8119314980
1008,Eve,Noman,Noman.Eve@domain.com,6821483931
1009,Cassandra,Allare,Allare.Cassandra@domain.com,3346255294
1010,Amelia,Love,Love.Amelia@domain.com,9453614104
1011,Rivalee,Pacorro,Pacorro.Rivalee@domain.com,1143122030
1012,Ardenia,Goth,Goth.Ardenia@domain.com,4321352683
1013,Violet,Carleen,Carleen.Violet@domain.com,9632871214
1014,Marti,Autrey,Autrey.Marti@domain.com,7723006251
1015,Mellicent,Berne,Berne.Mellicent@domain.com,5109330757
1016,Dennie,Ilka,Ilka.Dennie@domain.com,1291682973
1017,Patricia,Goode,Goode.Patricia@domain.com,3052507906
1018,Mignon,Rebecka,Rebecka.Mignon@domain.com,8620386126
1019,Candi,Amadas,Amadas.Candi@domain.com,3405111520
1020,Selma,Allina,Allina.Selma@domain.com,2780217436
1021,Micheline,Santoro,Santoro.Micheline@domain.com,1124554702
1022,Tami,Juliet,Juliet.Tami@domain.com,5263137266
1023,Mara,Jary,Jary.Mara@domain.com,5143821599
1024,Dennie,Schonfeld,Schonfeld.Dennie@domain.com,3176571487
1025,Dorice,Ethban,Ethban.Dorice@domain.com,8386645727
1026,Belinda,Gilmour,Gilmour.Belinda@domain.com,6610996561
1027,Ermengarde,Arvo,Arvo.Ermengarde@domain.com,2756778683
1028,Babita,Romelda,Romelda.Babita@domain.com,7149668501
1029,Sharlene,Lowry,Lowry.Sharlene@domain.com,3842804825
1030,Joy,Melony,Melony.Joy@domain.com,3574622834
1031,Camile,Primalia,Primalia.Camile@domain.com,2508087792
1032,Calla,August,August.Calla@domain.com,3706653032
1033,Tersina,Zina,Zina.Tersina@domain.com,1593883999
1034,Calla,Wattenberg,Wattenberg.Calla@domain.com,7462918238
1035,Margarette,Euridice,Euridice.Margarette@domain.com,8883928561
1036,Catharine,Cutlerr,Cutlerr.Catharine@domain.com,7630199297
1037,Carol-Jean,Tayib,Tayib.Carol-Jean@domain.com,9237574730
1038,Chandra,Kirbee,Kirbee.Chandra@domain.com,9747655543
1039,Starla,Kiyoshi,Kiyoshi.Starla@domain.com,3521336710
1040,Kenna,Wenoa,Wenoa.Kenna@domain.com,9276450050
1041,Kylynn,Lea,Lea.Kylynn@domain.com,3331593186
1042,Violet,Carri,Carri.Violet@domain.com,9865151556
1043,Kayla,Guthrie,Guthrie.Kayla@domain.com,9710879430
1044,Winny,Saint,Saint.Winny@domain.com,8060272554
1045,Ivett,Rhu,Rhu.Ivett@domain.com,7334603100
1046,Lenna,Philoo,Philoo.Lenna@domain.com,5893298345
1047,Trudie,Belldas,Belldas.Trudie@domain.com,7289278396
1048,Jean,Ellerey,Ellerey.Jean@domain.com,1108169461
1049,Aryn,Jacqui,Jacqui.Aryn@domain.com,8915868824
1050,Libbie,Marsden,Marsden.Libbie@domain.com,3558382482
1051,Estell,Esmaria,Esmaria.Estell@domain.com,5867941772
1052,Dede,Maples,Maples.Dede@domain.com,3247998965
1053,Sonni,Mitzi,Mitzi.Sonni@domain.com,5066968285
1054,Marsiella,Gert,Gert.Marsiella@domain.com,3433769607
1055,Alejandra,Marcellus,Marcellus.Alejandra@domain.com,8134167791
1056,Zsa Zsa,Yusuk,Yusuk.Zsa Zsa@domain.com,2184289841
1057,Ninnetta,Crudden,Crudden.Ninnetta@domain.com,7444917232
1058,Dawn,Alarise,Alarise.Dawn@domain.com,4080877616
1059,Blake,Bettine,Bettine.Blake@domain.com,4502028726
1060,Orsola,Ellerey,Ellerey.Orsola@domain.com,5119101598
1061,Lisette,Idelia,Idelia.Lisette@domain.com,3523936866
1062,Sadie,Hillel,Hillel.Sadie@domain.com,6189574628
1063,Gaylene,Terencio,Terencio.Gaylene@domain.com,3346357572
1064,Paulita,Prouty,Prouty.Paulita@domain.com,3560852205
1065,Nessie,Ciro,Ciro.Nessie@domain.com,1673726906
1066,Julieta,Thilda,Thilda.Julieta@domain.com,5510349988
1067,Johna,Riva,Riva.Johna@domain.com,7832409844
1068,Annabela,Merell,Merell.Annabela@domain.com,8934635485
1069,Suzette,Deegan,Deegan.Suzette@domain.com,1041310118
1070,Aurore,Martsen,Martsen.Aurore@domain.com,3756726969
1071,Ileana,Peti,Peti.Ileana@domain.com,3304426884
1072,Annabela,Brotherson,Brotherson.Annabela@domain.com,5418519132
1073,Pierette,Hanshaw,Hanshaw.Pierette@domain.com,9154664607
1074,Fanchon,My,My.Fanchon@domain.com,6880995745
1075,Adelle,Poll,Poll.Adelle@domain.com,2762987614
1076,Edith,Merriott,Merriott.Edith@domain.com,7056510841
1077,Ana,Bach,Bach.Ana@domain.com,9737242114
1078,Anallese,Toffic,Toffic.Anallese@domain.com,4247108762
1079,Tilly,Faro,Faro.Tilly@domain.com,4770584883
1080,Adore,Baptlsta,Baptlsta.Adore@domain.com,1129473526
1081,Annecorinne,Harday,Harday.Annecorinne@domain.com,2267361986
1082,Trudie,Merriott,Merriott.Trudie@domain.com,2610102702
1083,Charlena,Suk,Suk.Charlena@domain.com,1277207201
1084,Reeba,Bollay,Bollay.Reeba@domain.com,5287641684
1085,Jacquetta,Bendick,Bendick.Jacquetta@domain.com,6470414620
1086,Fayre,Agle,Agle.Fayre@domain.com,8068021569
1087,Cecile,Ball,Ball.Cecile@domain.com,7199962143
1088,Charlena,Yate,Yate.Charlena@domain.com,6512880783
1089,Steffane,Gordon,Gordon.Steffane@domain.com,4312112819
1090,Nickie,Darrell,Darrell.Nickie@domain.com,4838004616
1091,Elvira,Yam,Yam.Elvira@domain.com,4870662328
1092,Brena,Johnsson,Johnsson.Brena@domain.com,5581219277
1093,Alie,Carey,Carey.Alie@domain.com,9527775460
1094,Gilda,Maryanne,Maryanne.Gilda@domain.com,6618144694
1095,Fidelia,Couture,Couture.Fidelia@domain.com,7840191604
1096,Angelique,Maribeth,Maribeth.Angelique@domain.com,3630066734
1097,Robbi,Joeann,Joeann.Robbi@domain.com,5743742171
1098,Chloris,Hessler,Hessler.Chloris@domain.com,9205843717
1099,Hannis,Bibi,Bibi.Hannis@domain.com,2841019197
1100,Shell,Parette,Parette.Shell@domain.com,9311778134
1101,Bernardine,Payson,Payson.Bernardine@domain.com,3144035150
1102,Regina,Justinn,Justinn.Regina@domain.com,3261819974
1103,Britte,Cadmar,Cadmar.Britte@domain.com,6639241055
1104,Myriam,Hailee,Hailee.Myriam@domain.com,4381116208
1105,Joy,Clara,Clara.Joy@domain.com,6960603379
1106,Jerry,Cleavland,Cleavland.Jerry@domain.com,9553220825
1107,Jessy,Afton,Afton.Jessy@domain.com,4252806217
1108,Dulcinea,Armanda,Armanda.Dulcinea@domain.com,5366536761
1109,Silvana,Cosenza,Cosenza.Silvana@domain.com,1561509564
1110,Valera,Ries,Ries.Valera@domain.com,6799314174
1111,Marita,Ilka,Ilka.Marita@domain.com,8765609868
1112,Cordi,Hull,Hull.Cordi@domain.com,3032892814
1113,Juliane,Billye,Billye.Juliane@domain.com,7956089523
1114,Patricia,Hedve,Hedve.Patricia@domain.com,1764391705
1115,Heddie,Caitlin,Caitlin.Heddie@domain.com,2395255546
1116,Roz,Hermes,Hermes.Roz@domain.com,4705983362
1117,Briney,Pond,Pond.Briney@domain.com,8272505396
1118,Vivia,Skell,Skell.Vivia@domain.com,1682443229
1119,Hollie,Brotherson,Brotherson.Hollie@domain.com,2130201812
1120,Gavrielle,Ruvolo,Ruvolo.Gavrielle@domain.com,5545353127
1121,Carol-Jean,Gwenore,Gwenore.Carol-Jean@domain.com,8455785336
1122,Jenda,Marijo,Marijo.Jenda@domain.com,8163140837
1123,Emilia,Ambrosia,Ambrosia.Emilia@domain.com,7636407244
1124,Bobbi,Cottle,Cottle.Bobbi@domain.com,5786693387
1125,Mathilda,Pascia,Pascia.Mathilda@domain.com,5764760382
1126,Jasmina,Romelda,Romelda.Jasmina@domain.com,5116267911
1127,Feliza,Whiffen,Whiffen.Feliza@domain.com,7211425388
1128,Arlena,Erich,Erich.Arlena@domain.com,4670604318
1129,Wanda,Hermes,Hermes.Wanda@domain.com,7651350688
1130,Celisse,Ambrosia,Ambrosia.Celisse@domain.com,9664210840
1131,Heida,Pandolfi,Pandolfi.Heida@domain.com,3427458823
1132,Elora,Eno,Eno.Elora@domain.com,1214787129
1133,Ottilie,Aprile,Aprile.Ottilie@domain.com,9371595062
1134,Winny,Zeeba,Zeeba.Winny@domain.com,9882065407
1135,Albertina,Tybald,Tybald.Albertina@domain.com,4700251646
1136,Anica,Maurine,Maurine.Anica@domain.com,4311009800
1137,Andree,Brackely,Brackely.Andree@domain.com,7389815431
1138,Meriel,Ledah,Ledah.Meriel@domain.com,5601861426
1139,Aryn,Rosalba,Rosalba.Aryn@domain.com,9524601170
1140,Alie,Bow,Bow.Alie@domain.com,3287847411
1141,Odessa,Wesle,Wesle.Odessa@domain.com,9914855748
1142,Eve,Salchunas,Salchunas.Eve@domain.com,4676261418
1143,Maud,Kannry,Kannry.Maud@domain.com,5199962445
1144,Abbie,Dex,Dex.Abbie@domain.com,2834679282
1145,Jaime,Mallon,Mallon.Jaime@domain.com,5886980804
1146,Kassey,Zrike,Zrike.Kassey@domain.com,7860465931
1147,Hannis,Johanna,Johanna.Hannis@domain.com,9540639409
1148,Dede,Nore,Nore.Dede@domain.com,4785791678
1149,Carly,Vale,Vale.Carly@domain.com,8891904516
1150,Cacilie,Geffner,Geffner.Cacilie@domain.com,7131748485
1151,Elfreda,Rolf,Rolf.Elfreda@domain.com,7440177154
1152,Tracey,McNully,McNully.Tracey@domain.com,2111154760
1153,Mary,Janene,Janene.Mary@domain.com,7568453477
1154,Fred,Kunin,Kunin.Fred@domain.com,8208822069
1155,Roslyn,Marden,Marden.Roslyn@domain.com,2132683332
1156,Norine,Ciapas,Ciapas.Norine@domain.com,8322526360
1157,Lexine,Izaak,Izaak.Lexine@domain.com,8329551597
1158,Merrie,Dyche,Dyche.Merrie@domain.com,2318117789
1159,Mallory,Edmund,Edmund.Mallory@domain.com,5647214011
1160,Hyacinthe,Lail,Lail.Hyacinthe@domain.com,8443694525
1161,Dianemarie,Bohlin,Bohlin.Dianemarie@domain.com,3890756165
1162,Zsa Zsa,Cleo,Cleo.Zsa Zsa@domain.com,3106288226
1163,Silvana,Amand,Amand.Silvana@domain.com,3469613549
1164,Damaris,O'Carroll,O'Carroll.Damaris@domain.com,7963738054
1165,Maridel,Goerke,Goerke.Maridel@domain.com,3973262631
1166,Margarette,Cath,Cath.Margarette@domain.com,2114022438
1167,Margette,Martguerita,Martguerita.Margette@domain.com,5171824491
1168,Rivalee,Girardo,Girardo.Rivalee@domain.com,8787494898
1169,Diena,Rhu,Rhu.Diena@domain.com,4579082729
1170,Doralynne,Gaynor,Gaynor.Doralynne@domain.com,1878823672
1171,Kirstin,Curren,Curren.Kirstin@domain.com,1732567804
1172,Vinita,Zitvaa,Zitvaa.Vinita@domain.com,8370679087
1173,Sharai,Bashemeth,Bashemeth.Sharai@domain.com,8906160916
1174,Chastity,Jethro,Jethro.Chastity@domain.com,5579871667
1175,Molli,Noman,Noman.Molli@domain.com,4387614337
1176,Demetris,Florina,Florina.Demetris@domain.com,4293721874
1177,Willetta,Jaylene,Jaylene.Willetta@domain.com,4097987713
1178,Phylis,Oriana,Oriana.Phylis@domain.com,2893976775
1179,Maurene,Rozanna,Rozanna.Maurene@domain.com,4026921329
1180,Nananne,Rhu,Rhu.Nananne@domain.com,4975944683
1181,Binny,Isidore,Isidore.Binny@domain.com,9075577238
1182,Sonni,Leler,Leler.Sonni@domain.com,5989887125
1183,Arabel,Glenden,Glenden.Arabel@domain.com,8052199681
1184,Gabriellia,Cloris,Cloris.Gabriellia@domain.com,4807814267
1185,Mady,Rozanna,Rozanna.Mady@domain.com,3392568180
1186,Darci,Sacken,Sacken.Darci@domain.com,5696422504
1187,Lanae,Lay,Lay.Lanae@domain.com,3911861147
1188,Albertina,Dowski,Dowski.Albertina@domain.com,3194123664
1189,Eadie,Naashom,Naashom.Eadie@domain.com,8870491979
1190,Lory,Yate,Yate.Lory@domain.com,7995929172
1191,Ardenia,Bartlett,Bartlett.Ardenia@domain.com,2526391697
1192,Madalyn,Merna,Merna.Madalyn@domain.com,9327092682
1193,Dede,Kolnick,Kolnick.Dede@domain.com,6273232930
1194,Halette,Gordon,Gordon.Halette@domain.com,8829451721
1195,Krystle,Seumas,Seumas.Krystle@domain.com,5813092981
1196,Viki,Lory,Lory.Viki@domain.com,2309593173
1197,Jasmina,Eben,Eben.Jasmina@domain.com,7359512791
1198,Dominga,Thomasina,Thomasina.Dominga@domain.com,5530112824
1199,Justinn,Beniamino,Beniamino.Justinn@domain.com,9098981039
1200,Meghann,Allys,Allys.Meghann@domain.com,6519412334
1201,Christian,Turne,Turne.Christian@domain.com,5190438383
1202,Carree,Burch,Burch.Carree@domain.com,8163972960
1203,Chastity,Trey,Trey.Chastity@domain.com,6128138258
1204,Susan,Ader,Ader.Susan@domain.com,8913423215
1205,Maud,Cleavland,Cleavland.Maud@domain.com,6451793694
1206,Claresta,Faust,Faust.Claresta@domain.com,3879906242
1207,Shell,Goerke,Goerke.Shell@domain.com,3132638874
1208,Adele,Fulmer,Fulmer.Adele@domain.com,3368794049
1209,Jacquetta,Thema,Thema.Jacquetta@domain.com,7171626633
1210,Janis,Atonsah,Atonsah.Janis@domain.com,8702670962
1211,Karly,Beniamino,Beniamino.Karly@domain.com,8660264789
1212,Myriam,Lemuela,Lemuela.Myriam@domain.com,4910834947
1213,Netty,Lareena,Lareena.Netty@domain.com,5677489078
1214,Lexine,Solitta,Solitta.Lexine@domain.com,9763982491
1215,Daphne,Chobot,Chobot.Daphne@domain.com,5500277421
1216,Lizzie,Brandice,Brandice.Lizzie@domain.com,1449668637
1217,Zondra,Atonsah,Atonsah.Zondra@domain.com,7268765959
1218,Clo,Monaco,Monaco.Clo@domain.com,2600875092
1219,Malina,Rolf,Rolf.Malina@domain.com,5384508445
1220,Arabel,Ursulette,Ursulette.Arabel@domain.com,9168100093
1221,Joeann,Raffo,Raffo.Joeann@domain.com,2271777558
1222,Dari,Darbie,Darbie.Dari@domain.com,2181508081
1223,Wilma,Gunn,Gunn.Wilma@domain.com,7870134373
1224,Theodora,Izaak,Izaak.Theodora@domain.com,2026925027
1225,Tatiania,Dituri,Dituri.Tatiania@domain.com,2735238910
1226,Carilyn,Curren,Curren.Carilyn@domain.com,1209934454
1227,Theodora,Daegal,Daegal.Theodora@domain.com,2609191254
1228,Lucy,Norrie,Norrie.Lucy@domain.com,5424206592
1229,Adore,My,My.Adore@domain.com,4617253691
1230,Evaleen,Tristram,Tristram.Evaleen@domain.com,6420511441
1231,Marika,Estella,Estella.Marika@domain.com,3487528544
1232,Caryl,Khorma,Khorma.Caryl@domain.com,4597949299
1233,Wynne,Barrus,Barrus.Wynne@domain.com,6155699765
1234,Sophia,Tound,Tound.Sophia@domain.com,9469654305
1235,Benita,Gombach,Gombach.Benita@domain.com,6154614396
1236,Kristan,Seessel,Seessel.Kristan@domain.com,6590309225
1237,Rosaline,Morgun,Morgun.Rosaline@domain.com,5253724964
1238,Diena,Merell,Merell.Diena@domain.com,4157667835
1239,Livvyy,Lareena,Lareena.Livvyy@domain.com,1699836629
1240,Aigneis,Ade,Ade.Aigneis@domain.com,6637702564
1241,Jere,Lory,Lory.Jere@domain.com,4351546429
1242,Vivia,Cadmar,Cadmar.Vivia@domain.com,1711421378
1243,Lucy,Raimondo,Raimondo.Lucy@domain.com,7419638573
1244,Carree,Trey,Trey.Carree@domain.com,4733553053
1245,Britni,Charmine,Charmine.Britni@domain.com,7784873872
1246,Marleah,Candy,Candy.Marleah@domain.com,3884053669
1247,Aryn,Honoria,Honoria.Aryn@domain.com,8031885889
1248,Kellen,Johnsson,Johnsson.Kellen@domain.com,1438784697
1249,Britte,Pond,Pond.Britte@domain.com,4513036105
1250,Tiffie,Brodench,Brodench.Tiffie@domain.com,6787469360
1251,Fred,Carlson,Carlson.Fred@domain.com,7595377077
1252,Claudina,Warthman,Warthman.Claudina@domain.com,7621193348
1253,Annecorinne,Monk,Monk.Annecorinne@domain.com,8328120619
1254,Catrina,Brieta,Brieta.Catrina@domain.com,8569291315
1255,Melodie,Nelsen,Nelsen.Melodie@domain.com,6496839248
1256,Cassondra,Raseda,Raseda.Cassondra@domain.com,3099648052
1257,Roxane,Morgun,Morgun.Roxane@domain.com,4523893802
1258,Marnia,Mallon,Mallon.Marnia@domain.com,6890197062
1259,Drucie,Read,Read.Drucie@domain.com,6634421159
1260,Merrie,Allina,Allina.Merrie@domain.com,8563219371
1261,Katharina,Sothena,Sothena.Katharina@domain.com,8932543807
1262,Ninnetta,Guthrie,Guthrie.Ninnetta@domain.com,6205663665
1263,Corly,Jalbert,Jalbert.Corly@domain.com,1700136333
1264,Hallie,Bevin,Bevin.Hallie@domain.com,8467316706
1265,Sue,Boehike,Boehike.Sue@domain.com,1678930297
1266,Ermengarde,Dahlia,Dahlia.Ermengarde@domain.com,2839442136
1267,Beverley,Sisile,Sisile.Beverley@domain.com,3729141813
1268,Chickie,Flita,Flita.Chickie@domain.com,9321160308
1269,Darlleen,Junie,Junie.Darlleen@domain.com,4778497945
1270,Brena,Esmaria,Esmaria.Brena@domain.com,8935436103
1271,Flo,Phi,Phi.Flo@domain.com,2278469321
1272,Kristina,Clywd,Clywd.Kristina@domain.com,4832315376
1273,Celene,Peonir,Peonir.Celene@domain.com,7478383551
1274,Gaylene,Primalia,Primalia.Gaylene@domain.com,3853835575
1275,Harmonia,Borrell,Borrell.Harmonia@domain.com,6342745679
1276,Mildrid,Wesle,Wesle.Mildrid@domain.com,4325433978
1277,Brana,Sheedy,Sheedy.Brana@domain.com,6889177544
1278,Gertrud,Vilma,Vilma.Gertrud@domain.com,3553053005
1279,Cyb,Fleeta,Fleeta.Cyb@domain.com,4808876288
1280,Imojean,Junie,Junie.Imojean@domain.com,4406075467
1281,Aurore,Alva,Alva.Aurore@domain.com,3477278953
1282,Marleah,Aurelio,Aurelio.Marleah@domain.com,2557468185
1283,Ginnie,Uund,Uund.Ginnie@domain.com,6740420998
1284,Deane,Cimbura,Cimbura.Deane@domain.com,2935887946
1285,Beverley,Curren,Curren.Beverley@domain.com,2927596453
1286,Cyndie,Milson,Milson.Cyndie@domain.com,5211040185
1287,Laurene,Hanshaw,Hanshaw.Laurene@domain.com,6947895426
1288,Jsandye,Han,Han.Jsandye@domain.com,8384733180
1289,Maisey,Boycey,Boycey.Maisey@domain.com,1524666596
1290,Mignon,Johanna,Johanna.Mignon@domain.com,9385080128
1291,Bernie,Mintz,Mintz.Bernie@domain.com,3751547286
1292,Ida,Durware,Durware.Ida@domain.com,1361135014
1293,Mireielle,Darian,Darian.Mireielle@domain.com,3506650685
1294,Angelique,Karl,Karl.Angelique@domain.com,3467359458
1295,Leanna,Means,Means.Leanna@domain.com,9937429199
1296,Jillayne,Daegal,Daegal.Jillayne@domain.com,7861094465
1297,Bibby,Wu,Wu.Bibby@domain.com,6105421198
1298,Fred,Aprile,Aprile.Fred@domain.com,5537167830
1299,Petronia,Eckblad,Eckblad.Petronia@domain.com,3054222032
1300,Roz,Luhe,Luhe.Roz@domain.com,3198165180
1301,Dorice,Hailee,Hailee.Dorice@domain.com,2307032995
1302,Marti,Haerr,Haerr.Marti@domain.com,4937934237
1303,Elena,Erlandson,Erlandson.Elena@domain.com,4369909458
1304,Gertrud,Nikaniki,Nikaniki.Gertrud@domain.com,8710889648
1305,Jobi,Moseley,Moseley.Jobi@domain.com,1304082971
1306,Ginnie,Stav,Stav.Ginnie@domain.com,2219178369
1307,Celestyna,Stefa,Stefa.Celestyna@domain.com,3774443470
1308,Goldie,Trey,Trey.Goldie@domain.com,9684322730
1309,Josephine,Mitzi,Mitzi.Josephine@domain.com,1262695698
1310,Celestyna,Sikorski,Sikorski.Celestyna@domain.com,6290371229
1311,Farrah,Macey,Macey.Farrah@domain.com,4501126787
1312,Eugine,Ashok,Ashok.Eugine@domain.com,8015944845
1313,Tomasina,Montgomery,Montgomery.Tomasina@domain.com,4843767773
1314,Jaclyn,Trace,Trace.Jaclyn@domain.com,4191787718
1315,Winifred,Chapland,Chapland.Winifred@domain.com,2015258803
1316,Regina,Dermott,Dermott.Regina@domain.com,9994311660
1317,Lolita,Huggins,Huggins.Lolita@domain.com,2343600937
1318,Alia,Stoller,Stoller.Alia@domain.com,5714935470
1319,Tressa,Chrystel,Chrystel.Tressa@domain.com,7708602119
1320,Lexine,Korey,Korey.Lexine@domain.com,9705975089
1321,Stephanie,Bord,Bord.Stephanie@domain.com,9503980206
1322,Dyann,Lia,Lia.Dyann@domain.com,9071591067
1323,Ricky,Carmena,Carmena.Ricky@domain.com,6398075916
1324,Joane,Korey,Korey.Joane@domain.com,1693840168
1325,Katharina,Ogren,Ogren.Katharina@domain.com,2431519697
1326,Emilia,Fillbert,Fillbert.Emilia@domain.com,1414369169
1327,Quintina,Doig,Doig.Quintina@domain.com,4749521783
1328,Quintina,Presber,Presber.Quintina@domain.com,3480152005
1329,Amara,Hachmin,Hachmin.Amara@domain.com,2051746141
1330,Kassey,Annabella,Annabella.Kassey@domain.com,7547285318
1331,Averyl,Albertine,Albertine.Averyl@domain.com,4627889881
1332,Concettina,Ranjiv,Ranjiv.Concettina@domain.com,8416794103
1333,Fanchon,Letsou,Letsou.Fanchon@domain.com,1144468942
1334,Fanny,Taima,Taima.Fanny@domain.com,2419143446
1335,Sophia,Markman,Markman.Sophia@domain.com,2025294140
1336,Lorie,Jess,Jess.Lorie@domain.com,8942618516
1337,Ashlee,Kunin,Kunin.Ashlee@domain.com,7514808126
1338,Glenda,Frodi,Frodi.Glenda@domain.com,5037908290
1339,Ira,Ashok,Ashok.Ira@domain.com,5427459147
1340,Pamella,Greyson,Greyson.Pamella@domain.com,6744571848
1341,Cassandra,Genna,Genna.Cassandra@domain.com,6600385832
1342,Beth,Diogenes,Diogenes.Beth@domain.com,4038248079
1343,Eve,Merat,Merat.Eve@domain.com,2508210220
1344,Jan,Alrich,Alrich.Jan@domain.com,6118735067
1345,Kelly,Maisey,Maisey.Kelly@domain.com,4598556163
1346,Therine,Halla,Halla.Therine@domain.com,4565653487
1347,Gwenneth,Anastatius,Anastatius.Gwenneth@domain.com,6254554701
1348,Flory,Newell,Newell.Flory@domain.com,6308215443
1349,Bobbi,Cordi,Cordi.Bobbi@domain.com,4932943984
1350,Alia,Adamsen,Adamsen.Alia@domain.com,1992870206
1351,Perry,Tremayne,Tremayne.Perry@domain.com,5316532990
1352,Deirdre,Kazimir,Kazimir.Deirdre@domain.com,8263248149
1353,Flo,Sandye,Sandye.Flo@domain.com,6741496038
1354,Felice,Jobi,Jobi.Felice@domain.com,7233569171
1355,Andeee,Juliet,Juliet.Andeee@domain.com,8791425239
1356,Margalo,Ehrman,Ehrman.Margalo@domain.com,4220722250
1357,Mallory,Latini,Latini.Mallory@domain.com,1107189849
1358,Jacenta,Winthorpe,Winthorpe.Jacenta@domain.com,5332442335
1359,Cordi,Kamaria,Kamaria.Cordi@domain.com,6373775570
1360,Myrtice,Bluh,Bluh.Myrtice@domain.com,1884027921
1361,Kary,Wallis,Wallis.Kary@domain.com,8382855071
1362,Lucy,Melan,Melan.Lucy@domain.com,6293602973
1363,Donnie,Fitzsimmons,Fitzsimmons.Donnie@domain.com,5552754334
1364,Jany,Philoo,Philoo.Jany@domain.com,3105283013
1365,Roberta,Burnside,Burnside.Roberta@domain.com,4345763557
1366,Joceline,Pattin,Pattin.Joceline@domain.com,5559153733
1367,Tamqrah,Therine,Therine.Tamqrah@domain.com,1179099717
1368,Alexine,Rooney,Rooney.Alexine@domain.com,2903689241
1369,Annabela,Maribeth,Maribeth.Annabela@domain.com,4030085903
1370,Joeann,Danby,Danby.Joeann@domain.com,2166380678
1371,Eugine,Giule,Giule.Eugine@domain.com,9420221119
1372,Minda,Drisko,Drisko.Minda@domain.com,4113197763
1373,Rani,Wesle,Wesle.Rani@domain.com,8883603287
1374,Kirstin,Diann,Diann.Kirstin@domain.com,8442263657
1375,Tilly,Klemperer,Klemperer.Tilly@domain.com,3243504006
1376,Wilma,Faust,Faust.Wilma@domain.com,7676690974
1377,Giustina,Ehrman,Ehrman.Giustina@domain.com,6074993404
1378,Camile,Diogenes,Diogenes.Camile@domain.com,6571354235
1379,Merry,LaRue,LaRue.Merry@domain.com,5210490180
1380,Tilly,Lacombe,Lacombe.Tilly@domain.com,5579959848
1381,Carree,Ephrem,Ephrem.Carree@domain.com,1933453229
1382,Tybie,Ammann,Ammann.Tybie@domain.com,7620755372
1383,Bertine,Noman,Noman.Bertine@domain.com,1250803348
1384,Almeta,Ilka,Ilka.Almeta@domain.com,5363985198
1385,Hettie,Brotherson,Brotherson.Hettie@domain.com,9041485472
1386,Winifred,Yorick,Yorick.Winifred@domain.com,4357688349
1387,Renae,Darrell,Darrell.Renae@domain.com,9222767714
1388,Maisey,Gavrila,Gavrila.Maisey@domain.com,5139941919
1389,Alyssa,Saint,Saint.Alyssa@domain.com,3050583119
1390,Sindee,Tamsky,Tamsky.Sindee@domain.com,6985413431
1391,Kayla,Rooney,Rooney.Kayla@domain.com,5535814733
1392,Ana,Serilda,Serilda.Ana@domain.com,3034582006
1393,Sara-Ann,Myrilla,Myrilla.Sara-Ann@domain.com,2163692842
1394,Kalina,Pattin,Pattin.Kalina@domain.com,2525908800
1395,Harmonia,Paton,Paton.Harmonia@domain.com,1828680019
1396,Gerrie,O'Carroll,O'Carroll.Gerrie@domain.com,5947224422
1397,Janeczka,Linehan,Linehan.Janeczka@domain.com,5929659192
1398,Rhea,Cottle,Cottle.Rhea@domain.com,6101307743
1399,Benita,Roumell,Roumell.Benita@domain.com,3714519551
1400,Atlanta,Si,Si.Atlanta@domain.com,3606475797
1401,Shaine,Bach,Bach.Shaine@domain.com,5876083883
1402,Yetty,Millda,Millda.Yetty@domain.com,6324972188
1403,Emylee,Winthorpe,Winthorpe.Emylee@domain.com,9388275299
1404,Dawn,Egbert,Egbert.Dawn@domain.com,4002588496
1405,Madeleine,Phi,Phi.Madeleine@domain.com,8011857462
1406,Steffane,Eno,Eno.Steffane@domain.com,4695715786
1407,Lucille,Linskey,Linskey.Lucille@domain.com,2158848473
1408,Brietta,Colleen,Colleen.Brietta@domain.com,3324384435
1409,Sadie,Zuzana,Zuzana.Sadie@domain.com,5010444647
1410,Marinna,Giff,Giff.Marinna@domain.com,5188728037
1411,Lorne,Heisel,Heisel.Lorne@domain.com,9854245758
1412,Amara,Jorgan,Jorgan.Amara@domain.com,3133609615
1413,Helena,Karna,Karna.Helena@domain.com,8590343352
1414,Jacenta,Glenden,Glenden.Jacenta@domain.com,4100372322
1415,Britte,Edmund,Edmund.Britte@domain.com,1899671347
1416,Dale,Hurley,Hurley.Dale@domain.com,3047777985
1417,Danika,Llovera,Llovera.Danika@domain.com,7982201431
1418,Nariko,Gillan,Gillan.Nariko@domain.com,1325901183
1419,Gui,Hertzfeld,Hertzfeld.Gui@domain.com,3673629483